1;1;11713470;;
01/12/2025;CRED.COBR.CE;101.004;2.955,00;C
01/12/2025;CREDITO PIX - PARABRISA ITAJAI;736821.190;300,00;C
01/12/2025;CREDITO PIX - ALEXANDER BOSSE DOS SANTOS 0950999;736891.798;250,00;C
01/12/2025;IOF S/ DESC.TIT;11719.451;0,51;D
01/12/2025;PGTO. DESC. TITULO;11719.451;883,34;D
01/12/2025;IOF S/ DESC.TIT;11719.563;0,35;D
01/12/2025;PGTO. DESC. TITULO;11719.563;720,00;D
01/12/2025;LIQ.COB.INTER; ;4,76;D
01/12/2025;BAIXA BOLETO; ;1,95;D
01/12/2025;LIQ.COB. REG.; ;14,64;D
01/12/2025;CREDITO PIX - PONTUAL AUTO VIDROS LTDA;737814.554;45.345,53;C
01/12/2025;DEBITO PIX - GISELE DAMBROS LOURENCO;737815.305;45.345,53;D
01/12/2025;RENDA PGTO ANTECIPADO;11719.510;0,19;C
01/12/2025;RENDA PGTO ANTECIPADO;11719.817;0,39;C
01/12/2025;CREDITO PIX - PONTUAL AUTO VIDROS;738069.849;4.066,00;C
01/12/2025;CREDITO PIX - SAAY S SOLUCOES AMBIENTAIS;738094.423;650,00;C
01/12/2025;PG.P/INTERNET - LZ CASA DAS CHAVES LTDA;10122.023;168,75;D
01/12/2025;PG.P/INTERNET - TAKAI;10122.058;347,01;D
01/12/2025;PG.P/INTERNET - MG VIDROS AUTOMOTIVOS LTDA;10122.073;354,25;D
01/12/2025;PG.P/INTERNET - VOX COM DE AUTOMOVEIS LTDA;10122.107;548,00;D
01/12/2025;PG.P/INTERNET - DISK BOR COM DE BORRACHAS LTDA;10122.118;635,44;D
01/12/2025;PG.P/INTERNET - FUNDO DE INV EM DIR CRED EMP G;10122.123;674,22;D
01/12/2025;PG.P/INTERNET - PILKINGTON BRASIL LTDA;10122.030;194,98;D
01/12/2025;PG.P/INTERNET - METRONORTE COML. VEICULOS LTDA;10122.087;432,81;D
01/12/2025;PG.P/INTERNET - TSD LOGISTICA E DISTRIBUIDORA;10122.140;1.242,85;D
01/12/2025;PG.P/INTERNET - PILKINGTON BRASIL LTDA;10122.020;124,38;D
01/12/2025;PG.P/INTERNET - GALAX PAY PAGAMENTOS ELETRONIC;10122.044;246,24;D
01/12/2025;PG.P/INTERNET - BARI VEICULOS LTDA;10122.076;365,00;D
01/12/2025;PG.P/INTERNET - TAKAI;10122.081;397,14;D
01/12/2025;PG.P/INTERNET - PAPEIS PAPEIS PAP INFOR LTDA;10122.097;468,30;D
01/12/2025;PG.P/INTERNET - PILKINGTON BRASIL LTDA;10122.111;560,55;D
01/12/2025;PG.P/INTERNET - VIDRAMA VIDROS AUTOM LTDA;10122.147;1.285,05;D
01/12/2025;PG.P/INTERNET - MATURITY FUNDO DE INVESTIMENTO;10122.150;1.497,90;D
01/12/2025;PG.P/INTERNET - PILKINGTON BRASIL LTDA;10122.159;1.543,68;D
01/12/2025;PG.P/INTERNET - PILKINGTON BRASIL LTDA;10122.007;111,40;D
01/12/2025;PG.P/INTERNET - SANDRO OSMAR DA VEIGA LTDA;10122.037;228,05;D
01/12/2025;PG.P/INTERNET - ELLOS PAPELARIA E INFORMATICA;10122.050;249,99;D
01/12/2025;PG.P/INTERNET - METRONORTE COML  VEICULOS LTDA;10122.055;310,36;D
01/12/2025;PG.P/INTERNET - DE MARCO LTDA;10122.062;347,68;D
01/12/2025;PG.P/INTERNET - AMERICA LATINA INDUSTRIA E COM;10122.129;1.002,01;D
01/12/2025;PG.P/INTERNET - PLATA FUNDO DE INVESTIMENTO EM;10122.152;1.510,79;D
01/12/2025;CREDITO PIX - PARABRISA ITAJAI;738125.645;382,50;C
01/12/2025;CR. INTERNET -  D D VIDROS PECAS E SERVICOS AUTOMOTIVOS LTDA;1918.248.1;10.031,83;C
01/12/2025;PG.P/INTERNET - PLATA FIDC FUNDO DE INVESTIMEN;10124.175;3.942,28;D
01/12/2025;PG.P/INTERNET - CDC CARGAS E TRANSPORTES LTDA;10124.159;997,44;D
01/12/2025;PG.P/INTERNET - PILKINGTON BRASIL LTDA;10124.169;3.167,78;D
01/12/2025;PG.P/INTERNET - SAINT GOBAIN B P I P CONSTRUCA;10124.180;4.755,88;D
01/12/2025;CREDITO PIX - leonardo queiroz da costa;738190.370;550,00;C
01/12/2025;CREDITO PIX - JOSINEI CORDEIRO;738265.301;640,00;C
01/12/2025;IOF S/ C-C;873.608;407,01;D
01/12/2025;JUROS LIM.CRD;45.016;6.640,48;D
02/12/2025;CRED.COBR.CE;101.004;5.279,02;C
02/12/2025;CRED.COBR.CX;01010040002;521,00;C
02/12/2025;LIQ.COB.INTER; ;7,14;D
02/12/2025;ADIANT.DEPOSITANTE;011225;58,00;D
02/12/2025;LIQ.COB. REG.; ;26,84;D
02/12/2025;CREDITO PIX - VANESSA GRAZIELA SALOME;738419.101;1.500,00;C
02/12/2025;CREDITO PIX - PONTUAL AUTO VIDROS LTDA;738419.818;4.000,00;C
02/12/2025;CREDITO PIX - PONTUAL AUTO VIDROS;738420.536;2.200,00;C
02/12/2025;CREDITO PIX - ANDRE LUIS TEIXEIRA;738430.287;620,00;C
02/12/2025;CREDITO PIX - JBC VIDROS AUTOMOTIVOS LTDA;738447.304;5.023,60;C
02/12/2025;PG.P/INTERNET - NAO INFORMADO;10019.673;547,52;D
02/12/2025;PG.P/INTERNET - VOX COM DE AUTOMOVEIS LTDA;10019.666;364,13;D
02/12/2025;PG.P/INTERNET - NAO INFORMADO;10019.677;455,46;D
02/12/2025;PG.P/INTERNET - INGA VEICULOS LTDA;10019.685;463,29;D
02/12/2025;PG.P/INTERNET - MG VIDROS AUTOMOTIVOS LTDA;10019.691;256,38;D
02/12/2025;PG.P/INTERNET - FLORENCA VEICULOS S A;10019.713;401,33;D
02/12/2025;PG.P/INTERNET - VIDRAMA VIDROS AUTOM LTDA;10019.731;320,00;D
02/12/2025;PG.P/INTERNET - BENNERT  E  SALLA AUTO VIDRO;10019.740;480,00;D
02/12/2025;PG.P/INTERNET - NUCLEO SOLUCOES AUTOMOTIVAS LT;10019.667;966,66;D
02/12/2025;PG.P/INTERNET - ORSEGUPS MONITORAMENTO ELETRON;10019.745;1.302,35;D
02/12/2025;PG.P/INTERNET - ORSEGUPS MONITORAMENTO ELETRON;10019.753;236,73;D
02/12/2025;PG.P/INTERNET - MEGA VIDROS PECAS E ACESSORIOS;10019.679;2.216,68;D
02/12/2025;PG.P/INTERNET - MATURITY FUNDO DE INVESTIMENTO;10019.697;2.402,39;D
02/12/2025;PG.P/INTERNET - MG VIDROS AUTOMOTIVOS LTDA;10019.699;525,85;D
02/12/2025;PG.P/INTERNET - CAMBORIU DISTRIBUICAO LTDA;10019.707;236,50;D
02/12/2025;PG.P/INTERNET - SUL BRASIL LTDA;10019.710;174,00;D
02/12/2025;PG.P/INTERNET - VIA COMERCIAL E LTDA ME;10019.720;287,10;D
02/12/2025;PG.P/INTERNET - TEKMARK TECNOLOGIA EM MARCACAO;10019.680;1.335,00;D
02/12/2025;PG.P/INTERNET - MG VIDROS AUTOMOTIVOS LTDA;10019.714;276,62;D
02/12/2025;PG.P/INTERNET - CAMBORIU DISTRIBUICAO LTDA;10019.733;320,00;D
02/12/2025;CREDITO PIX - PONTUAL AUTO VIDROS LTDA;738468.140;1.000,00;C
02/12/2025;DEBITO PIX - ITAPEVA COMERCIO DE VIDROS LTDA - E;738469.156;4.790,00;D
02/12/2025;CREDITO TED - PONTUAL AUTO VIDROS LTDA;56853.559;3.084,86;C
02/12/2025;CREDITO PIX - VOLO EMPREENDIMENTOS IMOBILIARIOS;738564.226;3.650,00;C
02/12/2025;CREDITO PIX - JOAO VICTOR MEDEIROS GOMES;738670.860;250,00;C
02/12/2025;CREDITO PIX - 50.432.124 ALISSON PINTO DA SILVA;738686.479;450,00;C
02/12/2025;CREDITO PIX - Andre Luiz Schatz;738736.929;560,00;C
02/12/2025;CREDITO PIX - FELIPE NASCHENWENG DE MORAES;738746.316;1.070,00;C
02/12/2025;CREDITO PIX - SERGIO PEREIRA JUNIOR;738772.834;242,50;C
02/12/2025;CREDITO PIX - BRAVOS SOLUCOES EM SAUDE PREVENCAO;738815.557;490,00;C
02/12/2025;CREDITO PIX - MARIA CONCEPCION CARRASCO VIZCAYA;738847.659;160,00;C
03/12/2025;CRED.COBR.CE;101.004;4.783,71;C
03/12/2025;CRED.COBR.CX;01010040002;122,51;C
03/12/2025;BAIXA BOLETO; ;3,90;D
03/12/2025;LIQ.COB. REG.; ;9,76;D
03/12/2025;LIQ.COB.INTER; ;2,38;D
03/12/2025;INST. BOLETO; ;1,95;D
03/12/2025;CREDITO PIX - LUCAS GABRIEL SANTOS DA SILVA;739083.540;750,00;C
03/12/2025;CREDITO PIX - AUTO ELITE MULTIMARCAS;739205.924;120,00;C
03/12/2025;CREDITO PIX - VANILDO JUVENAL DA SILVA;739210.853;2.600,00;C
03/12/2025;CREDITO PIX - PONTUAL AUTO VIDROS;739342.673;4.000,00;C
03/12/2025;DEVOLUCAO PIX - BRAVOS SOLUCOES EM SAUDE PREVENC;739391.688;490,00;D
03/12/2025;DEBITO PIX - 59.239.097 RAFAEL SILVEIRA;739395.744;1.562,00;D
03/12/2025;CREDITO PIX - ALINE GOMES FERNANDES;739430.956;850,00;C
03/12/2025;PG.P/INTERNET - METRONORTE COML. VEICULOS LTDA;10058.776;331,78;D
03/12/2025;PG.P/INTERNET - JAHU BORRACHAS E AUTO PECAS LT;10058.779;431,22;D
03/12/2025;PG.P/INTERNET - ORSEGUPS MONITORAMENTO ELETRON;10058.765;265,98;D
03/12/2025;PG.P/INTERNET - TRUSTHUB SECURITIZADORA S.A;10058.814;1.932,01;D
03/12/2025;PG.P/INTERNET - LOJAS MILIUM LTDA;10058.763;257,80;D
03/12/2025;PG.P/INTERNET - FLORENCA VEICULOS S A;10058.796;448,33;D
03/12/2025;PG.P/INTERNET - METRONORTE;10058.799;515,24;D
03/12/2025;PG.P/INTERNET - MG VIDROS AUTOMOTIVOS LTDA;10058.803;537,39;D
03/12/2025;PG.P/INTERNET - METRONORTE;10058.804;666,33;D
03/12/2025;PG.P/INTERNET - INGA VEICULOS LTDA;10058.805;829,92;D
03/12/2025;PG.P/INTERNET - EXCLUSIVE SECURITIZADORA S.A.;10058.812;1.471,80;D
03/12/2025;PG.P/INTERNET - SAINT GOBAIN B P I P CONSTRUCA;10058.818;2.939,04;D
03/12/2025;PG.P/INTERNET - CIELO S.A - INSTITUICAO DE PAG;10058.761;134,62;D
03/12/2025;PG.P/INTERNET - VIDRAMA VIDROS AUTOM LTDA;10058.808;1.284,40;D
03/12/2025;PG.P/INTERNET - TEKMARK TECNOLOGIA EM MARCACAO;10058.811;1.300,00;D
03/12/2025;DEBITO PIX - JANINHA BRATFISCH;739435.740;1.200,00;D
03/12/2025;DEBITO PIX - LGE - LEAO GESTAO EMPRESARIAL LTDA;739437.218;1.000,00;D
03/12/2025;CREDITO TED - CARGLASS AUTOMOTIVA LTDA;34474.180;590,00;C
03/12/2025;CREDITO TED - CARGLASS AUTOMOTIVA LTDA;34474.320;710,00;C
03/12/2025;CREDITO TED - CARGLASS AUTOMOTIVA LTDA;34474.255;281,00;C
03/12/2025;CREDITO TED - CARGLASS AUTOMOTIVA LTDA;34474.047;353,00;C
03/12/2025;CREDITO PIX - SIMPLE CARE BRAVOS EMERGENCIAS MED;739498.612;490,00;C
04/12/2025;CRED.COBR.CE;101.004;4.690,00;C
04/12/2025;LIQ.COB.INTER; ;1,19;D
04/12/2025;LIQ.COB. REG.; ;8,54;D
04/12/2025;CREDITO PIX - ANNE SERVICOS  CGY2TELECOM;739884.454;250,00;C
04/12/2025;CREDITO PIX - ULLA COMERCIO DE AUTOMOVEIS LTDA;740024.388;730,00;C
04/12/2025;CREDITO PIX - Renato Pereira Junkes;740042.119;500,00;C
04/12/2025;CREDITO PIX - EWC COMERCIO E SERVICOS LTDA;740047.447;550,00;C
04/12/2025;CREDITO PIX - PARABRISA ITAJAI;740091.966;271,00;C
04/12/2025;CREDITO PIX - PONTUAL AUTO VIDROS;740119.942;2.800,00;C
04/12/2025;CREDITO PIX - PONTUAL AUTO VIDROS LTDA;740122.530;8.000,00;C
04/12/2025;CREDITO PIX - Madeireira Picarras Ltda;740126.646;1.049,00;C
04/12/2025;RENDA PGTO ANTECIPADO;11719.603;16,93;C
04/12/2025;PG.P/INTERNET - ALL JUST SECURITIZADORA S A;10068.081;1.093,33;D
04/12/2025;PG.P/INTERNET - NAO INFORMADO;10068.094;293,86;D
04/12/2025;PG.P/INTERNET - CAMBORIU DISTRIBUICAO LTDA;10068.116;536,50;D
04/12/2025;PG.P/INTERNET - EXPRESSO SAO MIGUEL S A;10068.160;865,15;D
04/12/2025;PG.P/INTERNET - PLATA FUNDO DE INVESTIMENTO EM;10068.086;1.177,00;D
04/12/2025;PG.P/INTERNET - CAMBORIU DISTRIBUICAO LTDA;10068.109;505,00;D
04/12/2025;PG.P/INTERNET - FIDC MULTISETORIAL EMPRESARIAL;10068.164;2.957,90;D
04/12/2025;PG.P/INTERNET - MG VIDROS AUTOMOTIVOS LTDA;10068.133;570,10;D
04/12/2025;PG.P/INTERNET - CENTERPARTS - DISTRIBUIDOR DE;10068.155;607,36;D
04/12/2025;PG.P/INTERNET - MG VIDROS AUTOMOTIVOS LTDA;10068.157;634,17;D
04/12/2025;DEBITO PIX - MTW SERVICOS EM AUTO VIDROS LTDA.;740247.076;790,00;D
05/12/2025;CRED.COBR.CE;101.004;1.395,00;C
05/12/2025;CREDITO PIX - CRISPIN E BRUNO COMERCIO DE VEICUL;740514.349;610,00;C
05/12/2025;IOF S/ DESC.TIT;11719.619;0,13;D
05/12/2025;PGTO. DESC. TITULO;11719.619;306,00;D
05/12/2025;DB SEM PARAR;01101216574;583,13;D
05/12/2025;PG.P/INTERNET - METRONORTE COML. VEICULOS LTDA;10014.642;236,02;D
05/12/2025;PG.P/INTERNET - MG VIDROS AUTOMOTIVOS LTDA;10014.651;303,13;D
05/12/2025;PG.P/INTERNET - FORLUB FORNECEDORA DE LUBRIFIC;10014.655;432,00;D
05/12/2025;PG.P/INTERNET - NAO INFORMADO;10014.665;569,70;D
05/12/2025;PG.P/INTERNET - MG VIDROS AUTOMOTIVOS LTDA;10014.673;575,67;D
05/12/2025;PG.P/INTERNET - AUTO PREMIER COMRCIO DE VEOCU;10014.684;625,00;D
05/12/2025;PG.P/INTERNET - NIX COM DE AUTOMOVEIS LTDA;10014.689;921,00;D
05/12/2025;PG.P/INTERNET - LIBRA FIDC MULTISSETORIAL;10014.697;1.775,70;D
05/12/2025;PG.P/INTERNET - MEGA VIDROS PECAS E ACESSORIOS;10014.704;2.116,66;D
05/12/2025;PG.P/INTERNET - PLATA FUNDO DE INVESTIMENTO EM;10014.709;2.669,08;D
05/12/2025;LIQ.COB. REG.; ;6,10;D
05/12/2025;DEB 13 SALARIO;1;3.103,36;D
05/12/2025;CR. INTERNET -  PONTUAL AUTO VIDROS LTDA;1175.416.8;15.000,00;C
05/12/2025;CREDITO PIX - KK COMERCIO DE AUTOMOVEIS LTDA;740752.709;800,00;C
05/12/2025;IOF S/ DESC.TIT;1;196,73;D
05/12/2025;CR.DESC. DE TITULO;2222.609;38.835,74;C
05/12/2025;CREDITO PIX - Reginaldo Cesar dos Santos;741133.711;1.300,00;C
05/12/2025;FOLHA DE PAGT;2;46.358,51;D
05/12/2025;DEBITO PIX - GRASIELI PANISSON VARELA;741155.165;600,00;D
05/12/2025;DEBITO PIX - LUANA DUWE DOS SANTOS VIEIRA;741162.719;895,81;D
05/12/2025;CREDITO PIX - PH FILM COMERCIO E INSTALACAO DE P;741192.471;500,00;C
05/12/2025;CREDITO PIX - Juliana Lippmann Correia;741267.561;990,00;C
08/12/2025;CRED.COBR.CE;101.004;1.814,29;C
08/12/2025;LIQ.COB. REG.; ;4,88;D
08/12/2025;CREDITO PIX - GABRIEL NASCIMENTO DA CUNHA;742917.591;670,00;C
08/12/2025;CREDITO TED - INFINITY SYSTEM INTERMEDIACAO E AGENCIAMENTO DE SE;34382.656;348,00;C
08/12/2025;CREDITO PIX - PORTONAVE S A   TERMINAIS PORTUARI;743161.097;600,00;C
08/12/2025;CREDITO PIX - PORTONAVE S A   TERMINAIS PORTUARI;743161.026;819,00;C
08/12/2025;CREDITO PIX - PONTUAL AUTO VIDROS LTDA;743194.030;23.000,00;C
08/12/2025;CREDITO PIX - PONTUAL AUTO VIDROS;743200.127;9.000,00;C
08/12/2025;PG.P/INTERNET - METRONORTE;10170.017;231,81;D
08/12/2025;PG.P/INTERNET - METRONORTE COML. VEICULOS LTDA;10170.024;263,14;D
08/12/2025;PG.P/INTERNET - MG VIDROS AUTOMOTIVOS LTDA;10170.054;428,59;D
08/12/2025;PG.P/INTERNET - SANDRO OSMAR DA VEIGA LTDA;10169.969;41,18;D
08/12/2025;PG.P/INTERNET - VILA VERDE C A LTDA MERCES;10169.981;113,33;D
08/12/2025;PG.P/INTERNET - MASTIFLEX - INDUSTRIA DE SELAN;10170.029;284,00;D
08/12/2025;PG.P/INTERNET - TAKAI;10170.038;293,87;D
08/12/2025;PG.P/INTERNET - BREITKOPF FRANCE VEICULOS LTDA;10170.061;450,00;D
08/12/2025;PG.P/INTERNET - PILKINGTON BRASIL LTDA;10170.007;199,96;D
08/12/2025;PG.P/INTERNET - TAKAI;10170.044;409,16;D
08/12/2025;PG.P/INTERNET - VOX COM DE AUTOMOVEIS LTDA;10170.048;411,00;D
08/12/2025;PG.P/INTERNET - PILKINGTON BRASIL LTDA;10170.071;560,58;D
08/12/2025;PG.P/INTERNET - VIDRAMA VIDROS AUTOMOTIVOS LTD;10170.076;562,90;D
08/12/2025;PG.P/INTERNET - PILKINGTON BRASIL LTDA;10169.975;111,40;D
08/12/2025;PG.P/INTERNET - PILKINGTON BRASIL LTDA;10169.984;124,38;D
08/12/2025;PG.P/INTERNET - METRONORTE COML. VEICULOS LTDA;10169.996;158,53;D
08/12/2025;PG.P/INTERNET - MG VIDROS AUTOMOTIVOS LTDA;10170.067;515,56;D
08/12/2025;PG.P/INTERNET - FLORENCA VEICULOS S A;10170.081;613,34;D
08/12/2025;PG.P/INTERNET - FUNDO DE INV EM DIR CRED EMP G;10170.083;674,23;D
08/12/2025;PG.P/INTERNET - TAKAI;10170.086;763,01;D
08/12/2025;PG.P/INTERNET - MATURITY FUNDO DE INVESTIMENTO;10171.192;1.497,90;D
08/12/2025;PG.P/INTERNET - PILKINGTON BRASIL LTDA;10171.222;1.543,68;D
08/12/2025;PG.P/INTERNET - CDC CARGAS E TRANSPORTES LTDA;10171.280;833,78;D
08/12/2025;PG.P/INTERNET - PILKINGTON BRASIL LTDA;10171.146;961,85;D
08/12/2025;PG.P/INTERNET - SAINT GOBAIN B P I P CONSTRUCA;10171.261;4.616,00;D
08/12/2025;PG.P/INTERNET - CAMBORIU DISTRIBUICAO LTDA;10171.118;876,50;D
08/12/2025;PG.P/INTERNET - CADO MALHAS CONF ESTAMPARIA LT;10171.154;1.012,79;D
08/12/2025;PG.P/INTERNET - TSD LOGISTICA E DISTRIBUIDORA;10171.164;1.242,87;D
08/12/2025;PG.P/INTERNET - PLATA FUNDO DE INVESTIMENTO EM;10171.201;1.510,79;D
08/12/2025;PG.P/INTERNET - PLATA FIDC FUNDO DE INVESTIMEN;10171.251;3.942,28;D
08/12/2025;PG.P/INTERNET - VIDRAMA VIDROS AUTOM LTDA;10171.179;1.285,05;D
08/12/2025;PG.P/INTERNET - VIDRAMA VIDROS AUTOMOTIVOS LTD;10171.229;1.622,06;D
08/12/2025;DEBITO PIX - BONA COMERCIO VAREJISTA DE AGUA LTD;743264.026;434,00;D
08/12/2025;DEBITO PIX - RAPHAEL ROBERTO DOS REIS;743271.667;500,00;D
08/12/2025;DEBITO PIX COBRANCA;743279.540;2.000,00;D
09/12/2025;CRED.COBR.CE;101.004;4.234,26;C
09/12/2025;CRED.COBR.CX;01010040002;919,00;C
09/12/2025;LIQ.COB.INTER; ;8,33;D
09/12/2025;LIQ.COB. REG.; ;14,64;D
09/12/2025;RENDA PGTO ANTECIPADO;11719.933;11,27;C
09/12/2025;CREDITO PIX - LABOTEC SERVICOS DE ANALISES TECNI;743682.001;312,00;C
09/12/2025;DEBITO PIX - VILMAR ALFONS GRAHL 51113910968;743734.106;85,00;D
09/12/2025;DEPOSITO;41192.011;3.503,00;C
09/12/2025;DEPOSITO;41339.011;31,00;C
09/12/2025;CREDITO PIX - ROBERTO RIBAS;744063.521;2.270,00;C
09/12/2025;RENDA PGTO ANTECIPADO;11719.780;0,27;C
09/12/2025;RENDA PGTO ANTECIPADO;11719.758;0,23;C
09/12/2025;CREDITO PIX - Ratinho Guindastes E Movimentacao;744066.598;1.350,00;C
09/12/2025;PG.P/INTERNET - ITALAJES VIDROS;10089.558;291,78;D
09/12/2025;PG.P/INTERNET - ENC DISTRIBUICAO E COMERCIO LT;10089.579;700,00;D
09/12/2025;PG.P/INTERNET - VERRE COMERCIO DE VIDROS LTDA;10089.566;1.793,94;D
09/12/2025;PG.P/INTERNET - MATURITY FUNDO DE INVESTIMENTO;10089.574;2.402,39;D
09/12/2025;PG.P/INTERNET - VIDRAMA VIDROS AUTOM LTDA;10089.562;320,00;D
09/12/2025;CREDITO PIX - Jose Luiz Teichmann de Freitas;744117.231;510,00;C
10/12/2025;CRED.COBR.CE;101.004;1.890,50;C
10/12/2025;PG. PARC. EMP 048/048;17;5.263,46;D
10/12/2025;LIQ.COB. REG.; ;10,98;D
10/12/2025;CREDITO PIX - PONTUAL AUTO VIDROS LTDA;744442.881;9.000,00;C
10/12/2025;PG.P/INTERNET - SMT SERVICOS E A A LTDA M;10062.729;220,00;D
10/12/2025;PG.P/INTERNET - ITALAJES VIDROS;10062.734;269,65;D
10/12/2025;PG.P/INTERNET - METRONORTE;10062.726;178,39;D
10/12/2025;PG.P/INTERNET - SAINT GOBAIN B P I P CONSTRUCA;10062.842;1.896,56;D
10/12/2025;PG.P/INTERNET - VOX COM DE AUTOMOVEIS LTDA;10062.752;388,44;D
10/12/2025;PG.P/INTERNET - COMERCIAL MAT DE CONSTR ELETRO;10062.788;532,65;D
10/12/2025;PG.P/INTERNET - SANDRO OSMAR DA VEIGA LTDA;10062.713;169,56;D
10/12/2025;PG.P/INTERNET - JAHU BORRACHAS E AUTO PECAS LT;10062.758;431,22;D
10/12/2025;PG.P/INTERNET - DRTIC;10062.771;500,00;D
10/12/2025;PG.P/INTERNET - MG VIDROS AUTOMOTIVOS LTDA;10062.780;512,05;D
10/12/2025;PG.P/INTERNET - WEJA OUTDOOR;10062.806;577,50;D
10/12/2025;PG.P/INTERNET - CAMBORIU DISTRIBUICAO LTDA;10062.815;650,00;D
10/12/2025;PG.P/INTERNET - EXCLUSIVE SECURITIZADORA S.A.;10062.827;1.471,80;D
10/12/2025;PG.P/INTERNET - TRUSTHUB SECURITIZADORA S.A;10062.860;1.932,00;D
10/12/2025;PG.P/INTERNET - DE MARCO LTDA;10063.629;465,56;D
10/12/2025;CREDITO PIX - FUNDACAO CULTURAL E EDUCACIONAL DE;744513.391;1.510,00;C
10/12/2025;CREDITO PIX - VAN GOGH EMPREEENDIMENTOS LTDA;744565.599;690,00;C
10/12/2025;CREDITO PIX - RONALDO LUEDKE 04516589907;744687.727;300,00;C
10/12/2025;RENDA PGTO ANTECIPADO;11719.837;1,25;C
10/12/2025;PG.P/INTERNET - BANCO BRADESCO S.A.;10133.605;9.404,79;D
10/12/2025;PG.P/INTERNET - ORSEGUPS MONITORAMENTO ELETRON;10133.588;529,99;D
10/12/2025;DEBITO PIX - GEOVANNI ANDREY MARTINS;744837.682;3.109,05;D
10/12/2025;DEBITO PIX - LGE - LEAO GESTAO EMPRESARIAL LTDA;744840.019;1.000,00;D
10/12/2025;DEBITO PIX - RAPHAEL ROBERTO DOS REIS;744843.908;500,00;D
10/12/2025;DEBITO PIX - VCAR - INDUSTRIA COMERCIO E IMPORTA;744847.139;710,22;D
10/12/2025;CREDITO PIX - RDM VEICULOS LTDA;744886.152;690,00;C
10/12/2025;RENDA PGTO ANTECIPADO;11719.842;0,23;C
11/12/2025;CRED.COBR.CE;101.004;2.857,16;C
11/12/2025;CRED.COBR.CX;01010040002;540,00;C
11/12/2025;IOF S/ DESC.TIT;11719.782;0,23;D
11/12/2025;PGTO. DESC. TITULO;11719.782;550,00;D
11/12/2025;PGT.FATURA CARTAO;22025080403;1.898,62;D
11/12/2025;LIQ.COB.INTER; ;1,19;D
11/12/2025;TAR PCT SERV PJ;1125;219,90;D
11/12/2025;LIQ.COB. REG.; ;9,76;D
11/12/2025;CREDITO PIX - MOVIDA PARTICIPACOES S A;745238.001;720,00;C
11/12/2025;CREDITO PIX - Jose Luiz Teichmann de Freitas;745404.764;180,00;C
11/12/2025;CREDITO PIX - PONTUAL AUTO VIDROS LTDA;745483.824;2.049,16;C
11/12/2025;CREDITO PIX - PONTUAL AUTO VIDROS;745499.432;7.930,00;C
11/12/2025;CREDITO PIX - Edson Soares Rodrigues Antohaki;745509.772;750,00;C
11/12/2025;CREDITO PIX - Daiana Caroline Amaral da Silva;745525.200;550,00;C
11/12/2025;CREDITO PIX - CAIO ARAUJO OLIVEIRA;745687.000;540,00;C
11/12/2025;CREDITO PIX - BRITAGEM E PAVIMENTADORA BARRACAOL;745696.822;1.500,00;C
11/12/2025;PG.P/INTERNET - MG VIDROS AUTOMOTIVOS LTDA;10082.068;254,13;D
11/12/2025;PG.P/INTERNET - NIX COM DE AUTOMOVEIS LTDA;10082.074;324,00;D
11/12/2025;PG.P/INTERNET - MEGA VIDROS PECAS E ACESSORIOS;10082.098;1.633,34;D
11/12/2025;PG.P/INTERNET - FLORENCA VEICULOS S A;10082.076;345,34;D
11/12/2025;PG.P/INTERNET - PLATA FUNDO DE INVESTIMENTO EM;10082.095;1.177,02;D
11/12/2025;PG.P/INTERNET - CAMBORIU DISTRIBUICAO LTDA;10082.087;505,00;D
11/12/2025;PG.P/INTERNET - MG VIDROS AUTOMOTIVOS LTDA;10082.091;634,17;D
11/12/2025;PG.P/INTERNET - ETIQUETAS DALLA LTDA;10082.093;702,40;D
11/12/2025;PG.P/INTERNET - GRAVI AGUAS LTDA;10082.077;388,87;D
11/12/2025;PG.P/INTERNET - JAHU BORRACHAS E AUTO PECAS LT;10082.083;409,71;D
11/12/2025;DEBITO PIX - GEOVANNI ANDREY MARTINS;745714.723;3.109,05;D
11/12/2025;DEBITO PIX - FINARDI RECUPERADORA DE VEICULOS LT;745718.182;1.550,00;D
11/12/2025;DEBITO PIX - TIAGO GOMES MACEDO;745724.478;1.256,92;D
11/12/2025;PG.P/INTERNET - ALGAR;10083.535;372,96;D
12/12/2025;CRED.COBR.CE;101.004;1.652,19;C
12/12/2025;LIQ.COB.INTER; ;1,19;D
12/12/2025;BAIXA BOLETO; ;1,95;D
12/12/2025;LIQ.COB. REG.; ;12,20;D
12/12/2025;CREDITO PIX - CLAUDIA REGINA DA SILVA E;745974.291;1.000,00;C
12/12/2025;CREDITO PIX - BMJ FUNILARIA E PINTURA LTDA;745991.783;280,00;C
12/12/2025;PG.P/INTERNET - COREMMA LTDA;10022.424;159,49;D
12/12/2025;PG.P/INTERNET - MG VIDROS AUTOMOTIVOS LTDA;10022.438;251,12;D
12/12/2025;PG.P/INTERNET - MG VIDROS AUTOMOTIVOS LTDA;10022.461;391,98;D
12/12/2025;PG.P/INTERNET - MG VIDROS AUTOMOTIVOS LTDA;10022.453;256,39;D
12/12/2025;PG.P/INTERNET - PORTO VISTORIAS;10022.465;400,00;D
12/12/2025;PG.P/INTERNET - TAKAI;10022.470;509,32;D
12/12/2025;PG.P/INTERNET - NORGLASS COM. VIDROS LTDA EPP;10022.477;1.153,40;D
12/12/2025;PG.P/INTERNET - ITAPEVA COMERCIO DE VIDROS LTD;10022.480;1.193,48;D
12/12/2025;PG.P/INTERNET - MUNICIPIO DE ITAJAI;10022.482;1.515,90;D
12/12/2025;PG.P/INTERNET - PLATA FUNDO DE INVESTIMENTO EM;10022.485;2.669,07;D
12/12/2025;PG.P/INTERNET - POSTO CIDADE DO PORTO;10022.490;2.741,86;D
12/12/2025;DEBITO PIX - GEOVANNI ANDREY MARTINS;746006.109;3.109,05;D
12/12/2025;DEBITO PIX - JOSE CARLOS GIRARDI;746008.848;450,00;D
12/12/2025;CREDITO PIX - PONTUAL AUTO VIDROS;746012.067;4.872,00;C
12/12/2025;DEBITO PIX - GABRIELA CAROLINE MULLER;746014.781;195,00;D
12/12/2025;DEBITO PIX - Fabio Siewerdt;746019.772;275,00;D
12/12/2025;CR. INTERNET -  D D VIDROS PECAS E SERVICOS AUTOMOTIVOS LTDA;1918.248.1;7.028,33;C
12/12/2025;DEBITO PIX - 28.269.166 EDNA SALAPATA;746193.354;369,00;D
12/12/2025;CREDITO PIX - Dayane Cristina Siedschlag;746387.024;760,00;C
12/12/2025;CREDITO PIX - POSTO NAUTICO MARQUINHO LTDA;746426.587;550,00;C
15/12/2025;CRED.COBR.CE;101.004;545,00;C
15/12/2025;CRED.COBR.CX;01010040002;890,00;C
15/12/2025;DEBITO PIX - EVALDO DA COSTA MARTINS;746888.316;400,00;D
15/12/2025;IOF S/ DESC.TIT;11719.816;0,62;D
15/12/2025;PGTO. DESC. TITULO;11719.816;1.500,00;D
15/12/2025;CREDITO PIX - RONALDO LUEDKE;747653.747;1.670,00;C
15/12/2025;BAIXA BOLETO; ;1,95;D
15/12/2025;LIQ.COB. REG.; ;3,66;D
15/12/2025;LIQ.COB.INTER; ;1,19;D
15/12/2025;CREDITO PIX - PONTUAL AUTO VIDROS LTDA;747935.521;856,82;C
15/12/2025;CREDITO PIX - PONTUAL AUTO VIDROS;747936.054;4.821,00;C
15/12/2025;PG.P/INTERNET - PILKINGTON BRASIL LTDA;10175.041;124,39;D
15/12/2025;PG.P/INTERNET - VOX COM DE AUTOMOVEIS LTDA;10175.053;196,28;D
15/12/2025;PG.P/INTERNET - PREFEITURA MUNICIPAL DE BALNEA;10175.046;104,13;D
15/12/2025;PG.P/INTERNET - AUTOPLUS VEICULOS LTDA;10175.065;215,54;D
15/12/2025;PG.P/INTERNET - MADEIREIRA FONTANA LTDA - EPP;10175.089;396,00;D
15/12/2025;PG.P/INTERNET - JM SOLUCOES AUTOMOTIVAS;10175.115;562,50;D
15/12/2025;PG.P/INTERNET - CENTERPARTS - DISTRIBUIDOR DE;10175.144;607,36;D
15/12/2025;PG.P/INTERNET - VIDRAMA VIDROS AUTOM LTDA;10175.177;1.285,05;D
15/12/2025;PG.P/INTERNET - SANDRO OSMAR DA VEIGA LTDA;10175.013;17,12;D
15/12/2025;PG.P/INTERNET - PILKINGTON BRASIL LTDA;10175.028;111,39;D
15/12/2025;PG.P/INTERNET - DISK BOR COM DE BORRACHAS LTDA;10175.152;635,44;D
15/12/2025;PG.P/INTERNET - SANDRO OSMAR DA VEIGA LTDA;10175.019;97,46;D
15/12/2025;PG.P/INTERNET - TAKAI;10175.085;391,44;D
15/12/2025;PG.P/INTERNET - TAKAI;10175.096;409,16;D
15/12/2025;PG.P/INTERNET - TSD LOGISTICA E DISTRIBUIDORA;10175.170;1.242,87;D
15/12/2025;PG.P/INTERNET - METRONORTE COML  VEICULOS LTDA;10175.073;238,57;D
15/12/2025;PG.P/INTERNET - CAMBORIU DISTRIBUICAO LTDA;10175.122;568,00;D
15/12/2025;PG.P/INTERNET - CENTERPARTS DIS AUTO PAR LTDA;10175.135;604,00;D
15/12/2025;PG.P/INTERNET - DISK-BOR COMERCIO DE BORRACHAS;10175.169;1.179,70;D
15/12/2025;PG.P/INTERNET - PILKINGTON BRASIL LTDA;10183.063;177,97;D
15/12/2025;PG.P/INTERNET - CIELO S.A - INSTITUICAO DE PAG;10183.083;179,90;D
15/12/2025;PG.P/INTERNET - PILKINGTON BRASIL LTDA;10183.087;199,96;D
15/12/2025;PG.P/INTERNET - PILKINGTON BRASIL LTDA;10183.148;1.543,74;D
15/12/2025;PG.P/INTERNET - PILKINGTON BRASIL LTDA;10183.110;961,85;D
15/12/2025;PG.P/INTERNET - MG VIDROS AUTOMOTIVOS LTDA;10183.098;404,82;D
15/12/2025;PG.P/INTERNET - PLATA FUNDO DE INVESTIMENTO EM;10183.136;1.510,81;D
15/12/2025;PG.P/INTERNET - MATURITY FUNDO DE INVESTIMENTO;10183.137;1.497,90;D
15/12/2025;PG.P/INTERNET - AMANDA WANZUITA;10183.162;1.750,00;D
15/12/2025;PG.P/INTERNET - PILKINGTON BRASIL LTDA;10183.119;1.301,33;D
15/12/2025;PG.P/INTERNET - MEGA VIDROS PECAS E ACESSORIOS;10183.155;1.566,66;D
15/12/2025;RENDA PGTO ANTECIPADO;11719.852;8,98;C
15/12/2025;CR. INTERNET -  PONTUAL AUTO VIDROS LTDA;1175.416.8;25.000,00;C
15/12/2025;PG.P/INTERNET - VOX COM DE AUTOMOVEIS LTDA;10195.665;636,00;D
15/12/2025;PG.P/INTERNET - PLATA FIDC FUNDO DE INVESTIMEN;10195.686;3.942,28;D
15/12/2025;PG.P/INTERNET - UNIFIQUE TELECOMUNICACOES S A;10195.648;138,67;D
15/12/2025;PG.P/INTERNET - CDC CARGAS E TRANSPORTES LTDA;10195.667;1.017,79;D
15/12/2025;PG.P/INTERNET - LIBRA FIDC MULTISSETORIAL;10195.671;1.767,17;D
15/12/2025;PG.P/INTERNET - SAINT GOBAIN B P I P CONSTRUCA;10195.696;4.616,01;D
15/12/2025;PG.P/INTERNET - TARGET NEGOCIOS DE INFORMACOES;10195.675;2.833,58;D
15/12/2025;PG.P/INTERNET - PONTUAL AUTO V LTDA;10195.679;3.673,98;D
15/12/2025;CR. INTERNET -  D D VIDROS PECAS E SERVICOS AUTOMOTIVOS LTDA;1918.248.1;14.038,91;C
15/12/2025;PG.P/INTERNET - BANCO BRADESCO S.A.;10196.253;10.252,94;D
15/12/2025;DEBITO PIX - OSVALDO DECKER;748131.255;300,00;D
15/12/2025;DEBITO PIX - RAPHAEL ROBERTO DOS REIS;748133.860;490,00;D
15/12/2025;PG.P/INTERNET - ZANELLA ADMINISTRACAO E CORRET;10197.307;654,59;D
15/12/2025;DEBITO PIX - GEOVANNI ANDREY MARTINS;748137.308;3.109,05;D
15/12/2025;CREDITO PIX - REVENDEDORES PROMENAC LTDA;748143.780;690,00;C
15/12/2025;DEBITO PIX - ZOOP TECNOLOGIA   INSTITU;748169.149;9.011,01;D
15/12/2025;CR. INTERNET -  PONTUAL AUTO VIDROS LTDA;1175.416.8;5.000,00;C
15/12/2025;DEBITO PIX COBRANCA;748170.863;1.651,39;D
15/12/2025;CR.DESC.TIT.PAG.MAIOR;11719.739;11,61;C
15/12/2025;RENDA PGTO ANTECIPADO;11719.615;0,40;C
15/12/2025;TR.INTERNET - ALEXANDRO SOARES LEITE;1681.251.4;1.045,00;D
15/12/2025;CR. INTERNET -  PONTUAL AUTO VIDROS LTDA;1175.416.8;1.000,00;C
16/12/2025;CRED.COBR.CE;101.004;2.259,00;C
16/12/2025;CRED.COBR.CX;01010040002;1.385,00;C
16/12/2025;CREDITO PIX - ITAPOA TERMINAIS PORTUARIOS S A;748330.318;2.580,00;C
16/12/2025;DEBITO PIX - LARISSA DAMBROS;748351.153;1.500,00;D
16/12/2025;PIX TRANSF PAGADOR;748351.153;2,00;D
16/12/2025;LIQ.COB. REG.; ;15,86;D
16/12/2025;LIQ.COB.INTER; ;5,95;D
16/12/2025;DEBITO PIX - CELESC DISTRIBUICAO S.A;748410.473;348,56;D
16/12/2025;CREDITO PIX - Leonardo Da Silva Reis Fulgencio;748478.550;1.050,00;C
16/12/2025;CREDITO PIX - TWINGLASS VIDROS LTDA;748489.213;301,18;C
16/12/2025;CREDITO PIX - PONTUAL AUTO VIDROS LTDA;748530.097;16.000,00;C
16/12/2025;RENDA PGTO ANTECIPADO;11719.858;0,24;C
16/12/2025;CREDITO PIX - LUANA BRAZ SOBRANCELHAS LTDA;748590.293;200,00;C
16/12/2025;CR.DESC.TIT.PAG.MAIOR;11719.601;9,24;C
16/12/2025;CREDITO PIX - PONTUAL AUTO VIDROS;748703.662;3.687,00;C
16/12/2025;CREDITO PIX - PONTUAL AUTO VIDROS LTDA;748703.088;793,68;C
16/12/2025;CREDITO PIX - JUCILDO NESTOR DE OLIVEIRA;748754.291;450,00;C
16/12/2025;CREDITO PIX - Vinicios Oliveira Hermes;748758.571;1.345,00;C
16/12/2025;RENDA PGTO ANTECIPADO;11719.855;1,08;C
16/12/2025;PG.P/INTERNET - ITALAJES VIDROS;10073.336;291,57;D
16/12/2025;PG.P/INTERNET - MEGA IMPRESSOES;10073.339;315,00;D
16/12/2025;RENDA PGTO ANTECIPADO;11719.851;1,37;C
16/12/2025;RENDA PGTO ANTECIPADO;11719.843;1,51;C
16/12/2025;PG.P/INTERNET - SAINT GOBAIN B P I P CONSTRUCA;10073.351;3.131,81;D
16/12/2025;PG.P/INTERNET - VOX COM DE AUTOMOVEIS LTDA;10073.341;321,00;D
16/12/2025;PG.P/INTERNET - VALE PARABRISAS BLUMENAU;10073.343;480,00;D
16/12/2025;PG.P/INTERNET - AUTOPLUS VEICULOS LTDA;10073.344;1.029,63;D
16/12/2025;DEBITO PIX - GEOVANNI ANDREY MARTINS;748772.116;3.109,05;D
16/12/2025;PG.P/INTERNET - algar;10077.036;762,96;D
16/12/2025;CREDITO PIX - RECICLART BRASIL LTDA;748922.021;790,00;C
17/12/2025;CRED.COBR.CE;101.004;4.196,14;C
17/12/2025;CRED.COBR.CX;01010040002;562,81;C
17/12/2025;LIQ.COB. REG.; ;13,42;D
17/12/2025;BAIXA BOLETO; ;3,90;D
17/12/2025;LIQ.COB.INTER; ;3,57;D
17/12/2025;CREDITO PIX - KK COMERCIO DE AUTOMOVEIS LTDA;749227.054;270,00;C
17/12/2025;CREDITO PIX - AUTO CENTER REFRICAR LTDA;749246.316;520,00;C
17/12/2025;DEBITO PIX - GEOVANNI ANDREY MARTINS;749372.774;545,00;D
17/12/2025;CREDITO PIX - Marcos Estetica Automotiva Ltda;749428.334;420,00;C
17/12/2025;RENDA PGTO ANTECIPADO;11719.784;0,76;C
17/12/2025;CREDITO PIX - PONTUAL AUTO VIDROS;749520.405;2.654,00;C
17/12/2025;CREDITO PIX - PONTUAL AUTO VIDROS LTDA;749519.625;1.760,80;C
17/12/2025;PG.P/INTERNET - COMERCIAL MAT DE CONSTR ELETRO;10082.865;532,65;D
17/12/2025;PG.P/INTERNET - EXCLUSIVE SECURITIZADORA S.A.;10082.866;1.471,80;D
17/12/2025;PG.P/INTERNET - SAINT GOBAIN B P I P CONSTRUCA;10082.867;1.840,78;D
17/12/2025;PG.P/INTERNET - FLORENCA VEICULOS S A;10082.849;231,00;D
17/12/2025;PG.P/INTERNET - MG VIDROS AUTOMOTIVOS LTDA;10082.857;263,64;D
17/12/2025;PG.P/INTERNET - JAHU BORRACHAS E AUTO PECAS LT;10082.858;431,22;D
17/12/2025;DEBITO PIX - LGE - LEAO GESTAO EMPRESARIAL LTDA;749600.762;1.000,00;D
17/12/2025;CREDITO PIX - PAVAO MANUTENCAO DE VEICULOS LTDA;749606.815;1.080,00;C
17/12/2025;DEPOSITO;66.219;1.450,00;C
17/12/2025;CREDITO PIX - WIVERSON BENTO;749631.507;80,00;C
18/12/2025;CRED.COBR.CE;101.004;5.913,15;C
18/12/2025;CRED.COBR.CX;01010040002;945,00;C
18/12/2025;BAIXA BOLETO; ;3,90;D
18/12/2025;LIQ.COB.INTER; ;3,57;D
18/12/2025;LIQ.COB. REG.; ;13,42;D
18/12/2025;CREDITO PIX - Roxana Maria Rabilero Morales;749842.153;320,00;C
18/12/2025;RENDA PGTO ANTECIPADO;11719.868;0,45;C
18/12/2025;CREDITO PIX - EVANDREIA SAMPAIO NEITZKE;749983.152;160,00;C
18/12/2025;CREDITO PIX - JULIO CESAR VILVERT;750015.033;1.840,00;C
18/12/2025;CREDITO PIX - RAFAEL RODRIGO REINERT;750101.160;780,00;C
18/12/2025;CREDITO PIX - FELIPE GONCALVES DOS SANTOS;750194.117;60,00;C
18/12/2025;PG.P/INTERNET - EXPRESSO SAO MIGUEL S A;10066.614;358,00;D
18/12/2025;PG.P/INTERNET - JAHU BORRACHAS E AUTO PECAS LT;10066.581;409,69;D
18/12/2025;PG.P/INTERNET - TAKAI;10066.588;495,57;D
18/12/2025;PG.P/INTERNET - RC PAPEIS LTDA;10066.592;572,73;D
18/12/2025;PG.P/INTERNET - VIDRAMA VIDROS AUTOM LTDA;10066.602;1.284,40;D
18/12/2025;PG.P/INTERNET - DRTIC;10066.604;3.115,00;D
18/12/2025;CREDITO PIX - Placidino Veiculos Ltda;750255.661;490,00;C
18/12/2025;CREDITO PIX - IRINEU SALVADORI;750288.684;350,00;C
18/12/2025;CREDITO PIX - ITAJAI AUTO CAR PINTURA E REPARACA;750298.292;260,00;C
18/12/2025;CREDITO PIX - EVANDRO DIEGO MEDEIROS;750303.134;530,00;C
18/12/2025;CREDITO PIX - SADI ANTONIO PIRES;750306.213;1.000,00;C
18/12/2025;RENDA PGTO ANTECIPADO;11719.815;0,57;C
18/12/2025;RENDA PGTO ANTECIPADO;11719.799;0,61;C
18/12/2025;CREDITO PIX - DAVI VANDAME PACHECO;750318.434;540,00;C
18/12/2025;CREDITO PIX - Francine De Deus Araujo;750339.698;1.250,00;C
18/12/2025;CREDITO PIX - MORACI BAUMGART;750367.115;10,00;C
18/12/2025;CREDITO PIX - PARABRISA ITAJAI;750510.625;190,00;C
19/12/2025;CRED.COBR.CE;101.004;670,00;C
19/12/2025;PG.P/INTERNET - MG VIDROS AUTOMOTIVOS LTDA;10008.776;251,12;D
19/12/2025;PG.P/INTERNET - VOX COM DE AUTOMOVEIS LTDA;10008.781;306,00;D
19/12/2025;PG.P/INTERNET - VOX COM DE AUTOMOVEIS LTDA;10008.785;387,42;D
19/12/2025;PG.P/INTERNET - MG VIDROS AUTOMOTIVOS LTDA;10008.797;391,98;D
19/12/2025;PG.P/INTERNET - MG VIDROS AUTOMOTIVOS LTDA;10008.805;956,33;D
19/12/2025;PG.P/INTERNET - NORGLASS COM. VIDROS LTDA EPP;10008.813;1.153,40;D
19/12/2025;PG.P/INTERNET - ITAPEVA COMERCIO DE VIDROS LTD;10008.821;1.193,47;D
19/12/2025;PG.P/INTERNET - PLATA FUNDO DE INVESTIMENTO EM;10008.831;2.669,07;D
19/12/2025;PG.P/INTERNET - POSTO CIDADE DO PORTO;10008.841;3.215,12;D
19/12/2025;LIQ.COB. REG.; ;4,88;D
19/12/2025;LIQ.COB.INTER; ;1,19;D
19/12/2025;CREDITO PIX - Odileia Suzane de Oliveira;750684.645;1.010,00;C
19/12/2025;DEBITO PIX - CADO ESTAMPARIA INDUSTRIA;750737.205;25,20;D
19/12/2025;CREDITO PIX - PONTUAL AUTO VIDROS LTDA;750738.629;7.500,00;C
19/12/2025;CR.APLIC.PROGRAMADA;5;48,38;C
19/12/2025;CR.APLIC.PROGRAMADA;6;1.063,61;C
19/12/2025;CR.APLIC.PROGRAMADA;7;888,01;C
19/12/2025;CR.APLIC.PROGRAMADA;48.247;78,92;C
19/12/2025;CREDITO PIX - PONTUAL AUTO VIDROS;750772.907;10.510,00;C
19/12/2025;CREDITO PIX - PONTUAL AUTO VIDROS LTDA;750773.469;960,60;C
19/12/2025;CREDITO PIX - Arthur Felipe Reis;750806.355;1.600,00;C
19/12/2025;CREDITO PIX - LUIZ F. SANCHES LTDA;750826.143;120,00;C
19/12/2025;DEB 13 SALARIO;1;1.558,29;D
19/12/2025;CREDITO PIX - CATARINAO TRANSPORTE E TURISMO L;750888.090;590,00;C
19/12/2025;RENDA PGTO ANTECIPADO;11719.818;1,19;C
19/12/2025;CREDITO PIX - JAIME MENEGHINI;751032.667;1.200,00;C
19/12/2025;DEB 13 SALARIO;2;22.972,12;D
19/12/2025;DEBITO PIX - GRASIELI PANISSON VARELA;751085.763;600,00;D
19/12/2025;DEBITO PIX - LUANA DUWE DOS SANTOS VIEIRA;751087.888;868,22;D
19/12/2025;DEB ADIANTAMENTO;20;10.200,00;D
19/12/2025;DEBITO PIX COBRANCA;751155.433;10.214,74;D
19/12/2025;CREDITO PIX - Alikis Rocha de Souza;751174.034;495,00;C
19/12/2025;PG.P/INTERNET - POSTO CIDADE DO PORTO;10102.326;2.900,72;D
19/12/2025;FOLHA DE PAGT;36;1.260,00;D
19/12/2025;CREDITO PIX - Deise dresch costa;751241.852;460,00;C
19/12/2025;DEBITO PIX - BRASA DELIVERY LTDA;751272.766;330,00;D
19/12/2025;CREDITO PIX - LEANDRO VENDRAME;751284.068;690,00;C
19/12/2025;DEBITO PIX - RODRIGO CRISTOFOLINI SANTANA DE OLI;751295.659;150,00;D
22/12/2025;CRED.COBR.CE;101.004;3.192,50;C
22/12/2025;CREDITO PIX - GAS-HIDRA LTDA;751705.188;670,00;C
22/12/2025;DEB ADIANTAMENTO;1;600,00;D
22/12/2025;LIQ.COB. REG.; ;12,20;D
22/12/2025;CREDITO PIX - PONTUAL AUTO VIDROS LTDA;752686.686;14.000,00;C
22/12/2025;CREDITO PIX - PONTUAL AUTO VIDROS;752721.011;3.941,00;C
22/12/2025;CREDITO PIX - PONTUAL AUTO VIDROS LTDA;752721.498;660,24;C
22/12/2025;CREDITO PIX - CHACAR VEICULOS LTDA;752724.061;620,00;C
22/12/2025;PG.P/INTERNET - PILKINGTON BRASIL LTDA;10092.946;402,13;D
22/12/2025;PG.P/INTERNET - POINT GLASS COMERCIO DE VIDROS;10092.954;472,50;D
22/12/2025;PG.P/INTERNET - BRADESCO SEGUROS - SEGURO AUTO;10092.961;537,94;D
22/12/2025;PG.P/INTERNET - PILKINGTON BRASIL LTDA;10092.965;881,03;D
22/12/2025;PG.P/INTERNET - PILKINGTON BRASIL LTDA;10093.479;126,78;D
22/12/2025;PG.P/INTERNET - NAO INFORMADO;10093.492;184,11;D
22/12/2025;PG.P/INTERNET - VILA VERDE C A LTDA MERCES;10093.475;153,75;D
22/12/2025;PG.P/INTERNET - SANDRO OSMAR DA VEIGA LTDA;10093.487;130,59;D
22/12/2025;PG.P/INTERNET - MG VIDROS AUTOMOTIVOS LTDA;10093.489;146,96;D
22/12/2025;PG.P/INTERNET - MG VIDROS AUTOMOTIVOS LTDA;10093.498;206,27;D
22/12/2025;PG.P/INTERNET - METRONORTE COML. VEICULOS LTDA;10093.501;235,35;D
22/12/2025;PG.P/INTERNET - MG VIDROS AUTOMOTIVOS LTDA;10093.524;428,59;D
22/12/2025;PG.P/INTERNET - PILKINGTON BRASIL LTDA;10093.544;961,88;D
22/12/2025;PG.P/INTERNET - INGA VEICULOS LTDA;10093.529;615,00;D
22/12/2025;PG.P/INTERNET - PILKINGTON BRASIL LTDA;10093.497;199,98;D
22/12/2025;PG.P/INTERNET - METRONORTE COML. VEICULOS LTDA;10093.540;708,42;D
22/12/2025;PG.P/INTERNET - TODOS EMPREENDIMENTOS LTDA;10093.541;710,70;D
22/12/2025;PG.P/INTERNET - MASTIFLEX - INDUSTRIA DE SELAN;10093.507;284,00;D
22/12/2025;PG.P/INTERNET - SANDRO OSMAR DA VEIGA LTDA;10093.515;389,81;D
22/12/2025;PG.P/INTERNET - MG VIDROS AUTOMOTIVOS LTDA;10093.518;404,82;D
22/12/2025;PG.P/INTERNET - TEC-SOLUTIONS COMERCIO DE MATE;10093.534;700,00;D
22/12/2025;PG.P/INTERNET - VIDRAMA VIDROS AUTOM LTDA;10093.916;1.285,05;D
22/12/2025;PG.P/INTERNET - LIBRA FIDC MULTISSETORIAL;10093.951;1.767,17;D
22/12/2025;PG.P/INTERNET - PILKINGTON BRASIL LTDA;10093.925;1.301,33;D
22/12/2025;PG.P/INTERNET - MEGA VIDROS PECAS E ACESSORIOS;10093.935;1.566,66;D
22/12/2025;PG.P/INTERNET - TSD LOGISTICA E DISTRIBUIDORA;10093.907;1.242,87;D
22/12/2025;PG.P/INTERNET - DESTACO PAINEIS;10093.928;1.390,00;D
22/12/2025;PG.P/INTERNET - VIDRAMA VIDROS AUTOMOTIVOS LTD;10093.943;1.622,05;D
22/12/2025;PG.P/INTERNET - SAINT GOBAIN B P I P CONSTRUCA;10093.955;3.028,10;D
22/12/2025;RENDA PGTO ANTECIPADO;11719.926;1,27;C
22/12/2025;CR. INTERNET -  J2 VIDROS E SERVICOS AUTOMOTIVOS LTDA;1988.375.7;15.005,99;C
22/12/2025;IOF S/ DESC.TIT;1;81,64;D
22/12/2025;CR.DESC. DE TITULO;2237.410;18.309,13;C
22/12/2025;PG.P/INTERNET - BANCO VOLKSWAGEN S.A.;10129.046;2.303,69;D
22/12/2025;PG.P/INTERNET - CDC CARGAS E TRANSPORTES LTDA;10129.042;826,85;D
22/12/2025;PG.P/INTERNET - PLATA FIDC FUNDO DE INVESTIMEN;10129.058;3.942,28;D
22/12/2025;PG.P/INTERNET - PILKINGTON BRASIL LTDA;10129.037;177,97;D
22/12/2025;PG.P/INTERNET - BULDOGUE AUTO CENTER LTDA;10129.039;612,50;D
22/12/2025;DEBITO PIX - OSVALDO DECKER;753017.250;250,00;D
22/12/2025;DEBITO PIX - SECRETARIA DE ESTADO DA F;753019.561;1.853,00;D
22/12/2025;DEBITO PIX - SECRETARIA DE ESTADO DA F;753019.016;18.529,98;D
22/12/2025;RENDA PGTO ANTECIPADO;11719.906;1,87;C
22/12/2025;CREDITO PIX - EDSON GANDIN;753088.462;320,00;C
23/12/2025;CRED.COBR.CE;101.004;2.149,67;C
23/12/2025;CRED.COBR.CX;01010040002;300,00;C
23/12/2025;LIQ.COB.INTER; ;2,38;D
23/12/2025;LIQ.COB. REG.; ;10,98;D
23/12/2025;CREDITO PIX - FACECAR MULTIMARCAS COMERCIO DE VE;753345.650;650,00;C
23/12/2025;CREDITO PIX - FACECAR MULTIMARCAS COMERCIO DE VE;753348.298;90,00;C
23/12/2025;CREDITO PIX - CASSIO HONORARIO DA SILVA;753423.437;440,00;C
23/12/2025;DEBITO PIX - EFETIVA DESPACHANTE DE VEICULOS LTD;753499.959;2.772,49;D
23/12/2025;CREDITO PIX - PONTUAL AUTO VIDROS;753642.258;2.816,00;C
23/12/2025;PG.P/INTERNET - CENTERPARTS DIS AUTO PAR LTDA;10049.552;604,00;D
23/12/2025;PG.P/INTERNET - NUCLEO SOLUCOES AUTOMOTIVAS LT;10049.558;915,99;D
23/12/2025;PG.P/INTERNET - MEGA VIDROS PECAS E ACESSORIOS;10049.562;1.633,34;D
23/12/2025;PG.P/INTERNET - MG VIDROS AUTOMOTIVOS LTDA;10049.564;2.231,67;D
23/12/2025;PG.P/INTERNET - ENC DISTRIBUICAO E COMERCIO LT;10049.553;700,00;D
23/12/2025;PG.P/INTERNET - JM SOLUCOES AUTOMOTIVAS;10049.556;812,50;D
23/12/2025;PG.P/INTERNET - SAINT GOBAIN B P I P CONSTRUCA;10049.570;3.039,70;D
23/12/2025;RENDA PGTO ANTECIPADO;11720.008;1,38;C
23/12/2025;CREDITO PIX - FACECAR MULTIMARCAS COMERCIO DE VE;753731.987;50,00;C
23/12/2025;CREDITO PIX - BARI VEICULOS LTDA;753755.107;1.000,00;C
23/12/2025;CREDITO PIX - ANA PAULA MOSER 08611638930;753755.918;520,00;C
23/12/2025;CR. INTERNET -  JBC VIDROS AUTOMOTIVOS LTDA;2109.095.5;9.041,49;C
23/12/2025;CR. INTERNET -  J2 VIDROS E SERVICOS AUTOMOTIVOS LTDA;1988.375.7;4.999,26;C
23/12/2025;CREDITO PIX - PONTUAL AUTO VIDROS LTDA;753788.230;5.000,00;C
23/12/2025;DB REEMB REFEICAO;1;60,00;D
24/12/2025;CRED.COBR.CX;101.004;282,50;C
24/12/2025;DEBITO PIX - LGE - LEAO GESTAO EMPRESARIAL LTDA;754016.295;1.000,00;D
24/12/2025;PG.P/INTERNET - MG VIDROS AUTOMOTIVOS LTDA;10003.272;209,63;D
24/12/2025;PG.P/INTERNET - MG VIDROS AUTOMOTIVOS LTDA;10003.279;263,64;D
24/12/2025;PG.P/INTERNET - METRONORTE COML. VEICULOS LTDA;10003.285;281,83;D
24/12/2025;PG.P/INTERNET - VALE PARABRISAS BLUMENAU;10003.291;390,00;D
24/12/2025;PG.P/INTERNET - JAHU BORRACHAS E AUTO PECAS LT;10003.297;431,22;D
24/12/2025;PG.P/INTERNET - AMERICA LATINA INDUSTRIA E COM;10003.307;453,96;D
24/12/2025;PG.P/INTERNET - CANAVERAL PRODUTOS DE HIGIENE;10003.313;478,80;D
24/12/2025;PG.P/INTERNET - COMERCIAL MAT DE CONSTR ELETRO;10003.318;532,65;D
24/12/2025;PG.P/INTERNET - CENTERPARTS - DISTRIBUIDOR DE;10003.325;607,36;D
24/12/2025;PG.P/INTERNET - TEKMARK TECNOLOGIA EM MARCACAO;10003.330;805,00;D
24/12/2025;PG.P/INTERNET - EXCLUSIVE SECURITIZADORA S.A.;10003.338;1.471,79;D
24/12/2025;PG.P/INTERNET - MEGA VIDROS PECAS E ACESSORIOS;10003.345;1.566,66;D
24/12/2025;PG.P/INTERNET - MATURITY FUNDO DE INVESTIMENTO;10003.351;1.735,80;D
24/12/2025;PG.P/INTERNET - VERRE COMERCIO DE VIDROS LTDA;10003.356;1.793,94;D
24/12/2025;PG.P/INTERNET - SAINT GOBAIN B P I P CONSTRUCA;10003.369;1.840,77;D
24/12/2025;LIQ.COB. REG.; ;3,66;D
24/12/2025;LIQ.COB.INTER; ;1,19;D
24/12/2025;CREDITO PIX - FACECAR MULTIMARCAS COMERCIO DE VE;754048.845;50,00;C
24/12/2025;CREDITO PIX - Carlos Alberto Da Silva Pereira;754242.896;1.250,00;C
26/12/2025;CRED.COBR.CE;101.004;1.019,00;C
26/12/2025;CREDITO PIX - MOVIDA PARTICIPACOES S A;754706.643;930,00;C
26/12/2025;IOF S/ DESC.TIT;11719.885;0,12;D
26/12/2025;PGTO. DESC. TITULO;11719.885;290,00;D
26/12/2025;IOF S/ DESC.TIT;11719.886;0,11;D
26/12/2025;PGTO. DESC. TITULO;11719.886;280,00;D
26/12/2025;LIQ.COB. REG.; ;2,44;D
26/12/2025;CREDITO PIX - JASON SOLONCA 00646847929;754779.436;100,00;C
26/12/2025;CREDITO PIX - PARABRISA ITAJAI;754781.045;127,00;C
26/12/2025;DEBITO PIX - JACKSON RODRIGO DA SILVA;754796.387;30,00;D
26/12/2025;CREDITO PIX - RODRIGO MELCHIORETTO;754906.413;640,00;C
26/12/2025;CREDITO PIX - PONTUAL AUTO VIDROS LTDA;754934.348;6.500,00;C
26/12/2025;CREDITO PIX - PONTUAL AUTO VIDROS;754949.421;10.738,00;C
26/12/2025;CREDITO PIX - 55 199 693 VANDERLAN MIGUEL ANTUNE;754961.724;1.020,00;C
26/12/2025;PG.P/INTERNET - MG VIDROS AUTOMOTIVOS LTDA;10060.214;166,71;D
26/12/2025;PG.P/INTERNET - MG VIDROS AUTOMOTIVOS LTDA;10060.217;251,11;D
26/12/2025;PG.P/INTERNET - MG VIDROS AUTOMOTIVOS LTDA;10060.222;254,12;D
26/12/2025;PG.P/INTERNET - MG VIDROS AUTOMOTIVOS LTDA;10060.243;308,01;D
26/12/2025;PG.P/INTERNET - JAHU BORRACHAS E AUTO PECAS LT;10060.248;409,69;D
26/12/2025;PG.P/INTERNET - NUCLEO SOLUCOES AUTOMOTIVAS LT;10060.270;725,40;D
26/12/2025;PG.P/INTERNET - AMERICA LATINA VIDROS;10060.274;907,92;D
26/12/2025;PG.P/INTERNET - METRONORTE COML. VEICULOS LTDA;10060.282;1.200,00;D
26/12/2025;PG.P/INTERNET - SANDRO OSMAR DA VEIGA LTDA;10060.215;196,75;D
26/12/2025;PG.P/INTERNET - ELLOS PAPELARIA E INFORMATICA;10060.238;269,61;D
26/12/2025;PG.P/INTERNET - CAMBORIU DISTRIBUICAO LTDA;10060.260;602,00;D
26/12/2025;PG.P/INTERNET - DVA AUTO IMPORT LTDA;10060.272;747,09;D
26/12/2025;PG.P/INTERNET - MG VIDROS AUTOMOTIVOS LTDA;10060.276;956,33;D
26/12/2025;PG.P/INTERNET - PLATA FUNDO DE INVESTIMENTO EM;10060.285;2.669,07;D
26/12/2025;PG.P/INTERNET - BARI VEICULOS LTDA;10060.232;264,00;D
26/12/2025;PG.P/INTERNET - VILA VERDE C A LTDA MERCES;10060.245;316,50;D
26/12/2025;PG.P/INTERNET - NORGLASS COM. VIDROS LTDA EPP;10060.280;1.153,40;D
26/12/2025;PG.P/INTERNET - CAMBORIU DISTRIBUICAO LTDA;10060.251;529,00;D
26/12/2025;DEBITO PIX - DENISIO DOLASIO BAIXO SOCIEDADE IND;754964.936;1.125,00;D
26/12/2025;DEPOSITO;57.807;1.810,00;C
26/12/2025;PG.P/INTERNET - POSTO CIDADE DO PORTO;10065.438;3.710,64;D
26/12/2025;PG.P/INTERNET - AGUA GELSON;10066.363;284,73;D
26/12/2025;PG.P/INTERNET - AGUA HERIBERTO;10066.369;58,00;D
26/12/2025;DEBITO PIX - LUCAS RAUL VIEIRA DOS SANTOS;755034.390;100,00;D
26/12/2025;DEBITO PIX - TIAGO GOMES MACEDO;755034.807;100,00;D
29/12/2025;CRED.COBR.CE;101.004;1.002,00;C
29/12/2025;CREDITO PIX - KRADA CORRETORA DE SEGUROS LTDA;755236.053;100,00;C
29/12/2025;CREDITO PIX - VANDERLEI NICOLETTI;755311.611;491,00;C
29/12/2025;IOF S/ DESC.TIT;11719.452;0,36;D
29/12/2025;PGTO. DESC. TITULO;11719.452;883,33;D
29/12/2025;LIQ.COB. REG.; ;6,10;D
29/12/2025;CREDITO PIX - RISCO ZERO ASSOCIACAO E CLUBE DE B;755905.915;840,00;C
29/12/2025;CREDITO PIX - PONTUAL AUTO VIDROS LTDA;755912.944;9.000,00;C
29/12/2025;CREDITO PIX - Marcio Aurelio dos Santos;755989.424;820,00;C
29/12/2025;RENDA PGTO ANTECIPADO;11719.958;0,45;C
29/12/2025;CREDITO PIX - PONTUAL AUTO VIDROS;756081.067;3.427,00;C
29/12/2025;CREDITO PIX - PONTUAL AUTO VIDROS LTDA;756081.225;1.304,00;C
29/12/2025;CREDITO PIX - J1KRSC GUSMAO INDUSTRIOA E COMERCI;756102.504;590,00;C
29/12/2025;PG.P/INTERNET - PILKINGTON BRASIL LTDA;10069.754;126,78;D
29/12/2025;PG.P/INTERNET - CADO MALHAS CONF ESTAMPARIA LT;10069.777;465,40;D
29/12/2025;PG.P/INTERNET - VOX COM DE AUTOMOVEIS LTDA;10069.791;498,99;D
29/12/2025;PG.P/INTERNET - PILKINGTON BRASIL LTDA;10069.858;1.301,38;D
29/12/2025;PG.P/INTERNET - PILKINGTON BRASIL LTDA;10069.759;177,98;D
29/12/2025;PG.P/INTERNET - MG VIDROS AUTOMOTIVOS LTDA;10069.766;328,59;D
29/12/2025;PG.P/INTERNET - POINT GLASS COMERCIO DE VIDROS;10069.781;472,50;D
29/12/2025;PG.P/INTERNET - TAKAI;10069.793;509,32;D
29/12/2025;PG.P/INTERNET - PILKINGTON BRASIL LTDA;10069.799;537,84;D
29/12/2025;PG.P/INTERNET - VIA COMERCIAL E LTDA ME;10069.813;646,75;D
29/12/2025;PG.P/INTERNET - CADO MALHAS CONF ESTAMPARIA LT;10069.827;772,00;D
29/12/2025;PG.P/INTERNET - WH COMERCIO EXTERIOR LTDA;10069.836;773,24;D
29/12/2025;PG.P/INTERNET - TSD LOGISTICA E DISTRIBUIDORA;10069.855;1.242,87;D
29/12/2025;PG.P/INTERNET - SAINT GOBAIN B P I P CONSTRUCA;10069.873;2.939,04;D
29/12/2025;PG.P/INTERNET - PILKINGTON BRASIL LTDA;10069.764;207,92;D
29/12/2025;PG.P/INTERNET - FORLUB FORNECEDORA DE LUBRIFIC;10069.770;365,00;D
29/12/2025;PG.P/INTERNET - PILKINGTON BRASIL LTDA;10069.771;402,13;D
29/12/2025;PG.P/INTERNET - MG VIDROS AUTOMOTIVOS LTDA;10069.772;404,83;D
29/12/2025;PG.P/INTERNET - MG VIDROS AUTOMOTIVOS LTDA;10069.774;461,34;D
29/12/2025;PG.P/INTERNET - CAMBORIU DISTRIBUICAO LTDA;10069.807;602,00;D
29/12/2025;PG.P/INTERNET - BULDOGUE AUTO CENTER LTDA;10069.844;833,05;D
29/12/2025;PG.P/INTERNET - PILKINGTON BRASIL LTDA;10069.849;881,03;D
29/12/2025;PG.P/INTERNET - LIBRA FIDC MULTISSETORIAL;10069.866;1.767,17;D
29/12/2025;PG.P/INTERNET - NIX COM DE AUTOMOVEIS LTDA;10069.868;1.914,00;D
29/12/2025;PG.P/INTERNET - DISK-BOR COMERCIO DE BORRACHAS;10069.853;1.179,70;D
29/12/2025;PG.P/INTERNET - VIDRAMA VIDROS AUTOM LTDA;10069.856;1.285,05;D
29/12/2025;PG.P/INTERNET - CELESC DISTRIBUICAO S.A;10070.146;86,02;D
29/12/2025;PG.P/INTERNET - CELESC DISTRIBUICAO S.A;10070.151;99,28;D
29/12/2025;PG.P/INTERNET - MEGA VIDROS PECAS E ACESSORIOS;10070.161;1.633,34;D
29/12/2025;PG.P/INTERNET - CELESC DISTRIBUICAO S.A;10070.156;538,85;D
29/12/2025;PG.P/INTERNET - PILKINGTON BRASIL LTDA;10070.155;346,65;D
29/12/2025;PG.P/INTERNET - CELESC DISTRIBUICAO S.A;10070.159;1.488,36;D
29/12/2025;PG.P/INTERNET - CDC CARGAS E TRANSPORTES LTDA;10071.349;570,61;D
29/12/2025;DEBITO PIX - CELESC DISTRIBUICAO S.A;756129.781;326,14;D
29/12/2025;DEBITO PIX - CELESC DISTRIBUICAO S.A;756135.070;95,73;D
29/12/2025;CREDITO PIX - RAISSA LINDIANA PINTO COMERCIO DE;756171.334;876,00;C
29/12/2025;CREDITO PIX - FLAVIO LUIS CAMPOS;756184.288;277,00;C
29/12/2025;RENDA PGTO ANTECIPADO;11719.943;1,17;C
29/12/2025;PG.P/INTERNET - CADO ESTAMPARIA;10081.606;170,10;D
29/12/2025;PG.P/INTERNET - SS COMP SISTEMA;10081.607;1.639,78;D
30/12/2025;CRED.COBR.CE;101.004;3.461,19;C
30/12/2025;CRED.COBR.CX;01010040002;705,00;C
30/12/2025;RENDA PGTO ANTECIPADO;11719.948;0,22;C
30/12/2025;CREDITO PIX - PARABRISA ITAJAI;756378.827;150,00;C
30/12/2025;CREDITO TED - CARGLASS AUTOMOTIVA LTDA;34177.673;747,00;C
30/12/2025;CREDITO TED - CARGLASS AUTOMOTIVA LTDA;34178.224;396,00;C
30/12/2025;CREDITO TED - CARGLASS AUTOMOTIVA LTDA;34176.596;400,00;C
30/12/2025;CREDITO TED - CARGLASS AUTOMOTIVA LTDA;34177.831;1.900,00;C
30/12/2025;CREDITO TED - CARGLASS AUTOMOTIVA LTDA;34180.820;2.030,00;C
30/12/2025;CREDITO TED - CARGLASS AUTOMOTIVA LTDA;34179.000;633,00;C
30/12/2025;CREDITO TED - CARGLASS AUTOMOTIVA LTDA;34178.619;290,00;C
30/12/2025;CREDITO TED - CARGLASS AUTOMOTIVA LTDA;34180.866;1.329,00;C
30/12/2025;CREDITO TED - CARGLASS AUTOMOTIVA LTDA;34179.576;537,00;C
30/12/2025;RENDA PGTO ANTECIPADO;11719.940;0,44;C
30/12/2025;RENDA PGTO ANTECIPADO;11719.955;4,63;C
30/12/2025;LIQ.COB. REG.; ;13,42;D
30/12/2025;LIQ.COB.INTER; ;3,57;D
30/12/2025;CREDITO PIX - PONTUAL AUTO VIDROS LTDA;756567.338;1.907,61;C
30/12/2025;CREDITO PIX - PONTUAL AUTO VIDROS;756567.836;6.258,41;C
30/12/2025;CREDITO TED - MAXPAR SERVICOS AUTOMOTIVOS LTDA;34818.772;6.965,29;C
30/12/2025;PG.P/INTERNET - SANDRO OSMAR DA VEIGA LTDA;10035.333;228,12;D
30/12/2025;PG.P/INTERNET - GALAX PAY PAGAMENTOS ELETRONIC;10035.336;246,24;D
30/12/2025;PG.P/INTERNET - FLORENCA VEICULOS S A;10035.344;401,33;D
30/12/2025;PG.P/INTERNET - COREMMA LTDA;10035.366;517,65;D
30/12/2025;PG.P/INTERNET - NUCLEO SOLUCOES AUTOMOTIVAS LT;10035.361;725,40;D
30/12/2025;PG.P/INTERNET - SAINT GOBAIN B P I P CONSTRUCA;10035.364;3.039,69;D
30/12/2025;PG.P/INTERNET - METRONORTE COML. VEICULOS LTDA;10035.350;432,95;D
30/12/2025;PG.P/INTERNET - BARI VEICULOS LTDA;10035.343;363,70;D
30/12/2025;PG.P/INTERNET - INGA VEICULOS LTDA;10035.358;463,28;D
30/12/2025;CREDITO PIX - JULIO CESAR VILVERT;756648.735;1.840,00;C
30/12/2025;CR.DESC.TIT.PAG.MAIOR;11719.917;20,74;C
31/12/2025;CRED.COBR.CE;101.004;2.758,00;C
31/12/2025;CRED.COBR.CX;01010040002;720,03;C
31/12/2025;CREDITO PIX - UEDSON OSVALDO MACHADO;756887.490;400,00;C
31/12/2025;CREDITO PIX - SOUZA VEICULOS LTDA;756945.873;690,00;C
31/12/2025;DEBITO PIX - LGE - LEAO GESTAO EMPRESARIAL LTDA;757009.313;1.000,00;D
31/12/2025;DEBITO PIX - Thalyta Raquel da Conceicao Freitas;757062.291;350,00;D
31/12/2025;TAXA C/C NEG.;416.233;4,14;D
